[{"id":1,"Country":"Afghanistan","Alpha2_code":"AF","Alpha3_code":"AFG","Numeric_code":4,"Latitude":33.0,"Longitude":65.0},{"id":2,"Country":"Albania","Alpha2_code":"AL","Alpha3_code":"ALB","Numeric_code":8,"Latitude":41.0,"Longitude":20.0},{"id":3,"Country":"Algeria","Alpha2_code":"DZ","Alpha3_code":"DZA","Numeric_code":12,"Latitude":28.0,"Longitude":3.0},{"id":4,"Country":"American Samoa","Alpha2_code":"AS","Alpha3_code":"ASM","Numeric_code":16,"Latitude":-14.3333,"Longitude":-170.0},{"id":5,"Country":"Andorra","Alpha2_code":"AD","Alpha3_code":"AND","Numeric_code":20,"Latitude":42.5,"Longitude":1.6},{"id":6,"Country":"Angola","Alpha2_code":"AO","Alpha3_code":"AGO","Numeric_code":24,"Latitude":-12.5,"Longitude":18.5},{"id":7,"Country":"Anguilla","Alpha2_code":"AI","Alpha3_code":"AIA","Numeric_code":660,"Latitude":18.25,"Longitude":-63.1667},{"id":8,"Country":"Antarctica","Alpha2_code":"AQ","Alpha3_code":"ATA","Numeric_code":10,"Latitude":-90.0,"Longitude":0.0},{"id":9,"Country":"Antigua and Barbuda","Alpha2_code":"AG","Alpha3_code":"ATG","Numeric_code":28,"Latitude":17.05,"Longitude":-61.8},{"id":10,"Country":"Argentina","Alpha2_code":"AR","Alpha3_code":"ARG","Numeric_code":32,"Latitude":-34.0,"Longitude":-64.0},{"id":11,"Country":"Armenia","Alpha2_code":"AM","Alpha3_code":"ARM","Numeric_code":51,"Latitude":40.0,"Longitude":45.0},{"id":12,"Country":"Aruba","Alpha2_code":"AW","Alpha3_code":"ABW","Numeric_code":533,"Latitude":12.5,"Longitude":-69.9667},{"id":13,"Country":"Australia","Alpha2_code":"AU","Alpha3_code":"AUS","Numeric_code":36,"Latitude":-27.0,"Longitude":133.0},{"id":14,"Country":"Austria","Alpha2_code":"AT","Alpha3_code":"AUT","Numeric_code":40,"Latitude":47.3333,"Longitude":13.3333},{"id":15,"Country":"Azerbaijan","Alpha2_code":"AZ","Alpha3_code":"AZE","Numeric_code":31,"Latitude":40.5,"Longitude":47.5},{"id":16,"Country":"Bahamas","Alpha2_code":"BS","Alpha3_code":"BHS","Numeric_code":44,"Latitude":24.25,"Longitude":-76.0},{"id":17,"Country":"Bahrain","Alpha2_code":"BH","Alpha3_code":"BHR","Numeric_code":48,"Latitude":26.0,"Longitude":50.55},{"id":18,"Country":"Bangladesh","Alpha2_code":"BD","Alpha3_code":"BGD","Numeric_code":50,"Latitude":24.0,"Longitude":90.0},{"id":19,"Country":"Barbados","Alpha2_code":"BB","Alpha3_code":"BRB","Numeric_code":52,"Latitude":13.1667,"Longitude":-59.5333},{"id":20,"Country":"Belarus","Alpha2_code":"BY","Alpha3_code":"BLR","Numeric_code":112,"Latitude":53.0,"Longitude":28.0},{"id":21,"Country":"Belgium","Alpha2_code":"BE","Alpha3_code":"BEL","Numeric_code":56,"Latitude":50.8333,"Longitude":4.0},{"id":22,"Country":"Belize","Alpha2_code":"BZ","Alpha3_code":"BLZ","Numeric_code":84,"Latitude":17.25,"Longitude":-88.75},{"id":23,"Country":"Benin","Alpha2_code":"BJ","Alpha3_code":"BEN","Numeric_code":204,"Latitude":9.5,"Longitude":2.25},{"id":24,"Country":"Bermuda","Alpha2_code":"BM","Alpha3_code":"BMU","Numeric_code":60,"Latitude":32.3333,"Longitude":-64.75},{"id":25,"Country":"Bhutan","Alpha2_code":"BT","Alpha3_code":"BTN","Numeric_code":64,"Latitude":27.5,"Longitude":90.5},{"id":26,"Country":"Bolivia","Alpha2_code":"BO","Alpha3_code":"BOL","Numeric_code":68,"Latitude":-17.0,"Longitude":-65.0},{"id":27,"Country":"Bosnia and Herzegovina","Alpha2_code":"BA","Alpha3_code":"BIH","Numeric_code":70,"Latitude":44.0,"Longitude":18.0},{"id":28,"Country":"Botswana","Alpha2_code":"BW","Alpha3_code":"BWA","Numeric_code":72,"Latitude":-22.0,"Longitude":24.0},{"id":29,"Country":"Bouvet Island","Alpha2_code":"BV","Alpha3_code":"BVT","Numeric_code":74,"Latitude":-54.4333,"Longitude":3.4},{"id":30,"Country":"Brazil","Alpha2_code":"BR","Alpha3_code":"BRA","Numeric_code":76,"Latitude":-10.0,"Longitude":-55.0},{"id":31,"Country":"Brunei","Alpha2_code":"BN","Alpha3_code":"BRN","Numeric_code":96,"Latitude":4.5,"Longitude":114.6667},{"id":32,"Country":"Bulgaria","Alpha2_code":"BG","Alpha3_code":"BGR","Numeric_code":100,"Latitude":43.0,"Longitude":25.0},{"id":33,"Country":"Burkina Faso","Alpha2_code":"BF","Alpha3_code":"BFA","Numeric_code":854,"Latitude":13.0,"Longitude":-2.0},{"id":34,"Country":"Burundi","Alpha2_code":"BI","Alpha3_code":"BDI","Numeric_code":108,"Latitude":-3.5,"Longitude":30.0},{"id":35,"Country":"Cambodia","Alpha2_code":"KH","Alpha3_code":"KHM","Numeric_code":116,"Latitude":13.0,"Longitude":105.0},{"id":36,"Country":"Cameroon","Alpha2_code":"CM","Alpha3_code":"CMR","Numeric_code":120,"Latitude":6.0,"Longitude":12.0},{"id":37,"Country":"Canada","Alpha2_code":"CA","Alpha3_code":"CAN","Numeric_code":124,"Latitude":60.0,"Longitude":-95.0},{"id":38,"Country":"Cape Verde","Alpha2_code":"CV","Alpha3_code":"CPV","Numeric_code":132,"Latitude":16.0,"Longitude":-24.0},{"id":39,"Country":"Cayman Islands","Alpha2_code":"KY","Alpha3_code":"CYM","Numeric_code":136,"Latitude":19.5,"Longitude":-80.5},{"id":40,"Country":"Central African Republic","Alpha2_code":"CF","Alpha3_code":"CAF","Numeric_code":140,"Latitude":7.0,"Longitude":21.0},{"id":41,"Country":"Chad","Alpha2_code":"TD","Alpha3_code":"TCD","Numeric_code":148,"Latitude":15.0,"Longitude":19.0},{"id":42,"Country":"Chile","Alpha2_code":"CL","Alpha3_code":"CHL","Numeric_code":152,"Latitude":-30.0,"Longitude":-71.0},{"id":43,"Country":"China","Alpha2_code":"CN","Alpha3_code":"CHN","Numeric_code":156,"Latitude":35.0,"Longitude":105.0},{"id":44,"Country":"Christmas Island","Alpha2_code":"CX","Alpha3_code":"CXR","Numeric_code":162,"Latitude":-10.5,"Longitude":105.6667},{"id":45,"Country":"Cocos (Keeling) Islands","Alpha2_code":"CC","Alpha3_code":"CCK","Numeric_code":166,"Latitude":-12.5,"Longitude":96.8333},{"id":46,"Country":"Colombia","Alpha2_code":"CO","Alpha3_code":"COL","Numeric_code":170,"Latitude":4.0,"Longitude":-72.0},{"id":47,"Country":"Comoros","Alpha2_code":"KM","Alpha3_code":"COM","Numeric_code":174,"Latitude":-12.1667,"Longitude":44.25},{"id":48,"Country":"Congo","Alpha2_code":"CG","Alpha3_code":"COG","Numeric_code":178,"Latitude":-1.0,"Longitude":15.0},{"id":49,"Country":"Congo, the Democratic Republic of the","Alpha2_code":"CD","Alpha3_code":"COD","Numeric_code":180,"Latitude":0.0,"Longitude":25.0},{"id":50,"Country":"Cook Islands","Alpha2_code":"CK","Alpha3_code":"COK","Numeric_code":184,"Latitude":-21.2333,"Longitude":-159.7667},{"id":51,"Country":"Costa Rica","Alpha2_code":"CR","Alpha3_code":"CRI","Numeric_code":188,"Latitude":10.0,"Longitude":-84.0},{"id":52,"Country":"Ivory Coast","Alpha2_code":"CI","Alpha3_code":"CIV","Numeric_code":384,"Latitude":8.0,"Longitude":-5.0},{"id":53,"Country":"Croatia","Alpha2_code":"HR","Alpha3_code":"HRV","Numeric_code":191,"Latitude":45.1667,"Longitude":15.5},{"id":54,"Country":"Cuba","Alpha2_code":"CU","Alpha3_code":"CUB","Numeric_code":192,"Latitude":21.5,"Longitude":-80.0},{"id":55,"Country":"Cyprus","Alpha2_code":"CY","Alpha3_code":"CYP","Numeric_code":196,"Latitude":35.0,"Longitude":33.0},{"id":56,"Country":"Czech Republic","Alpha2_code":"CZ","Alpha3_code":"CZE","Numeric_code":203,"Latitude":49.75,"Longitude":15.5},{"id":57,"Country":"Denmark","Alpha2_code":"DK","Alpha3_code":"DNK","Numeric_code":208,"Latitude":56.0,"Longitude":10.0},{"id":58,"Country":"Djibouti","Alpha2_code":"DJ","Alpha3_code":"DJI","Numeric_code":262,"Latitude":11.5,"Longitude":43.0},{"id":59,"Country":"Dominica","Alpha2_code":"DM","Alpha3_code":"DMA","Numeric_code":212,"Latitude":15.4167,"Longitude":-61.3333},{"id":60,"Country":"Dominican Republic","Alpha2_code":"DO","Alpha3_code":"DOM","Numeric_code":214,"Latitude":19.0,"Longitude":-70.6667},{"id":61,"Country":"Ecuador","Alpha2_code":"EC","Alpha3_code":"ECU","Numeric_code":218,"Latitude":-2.0,"Longitude":-77.5},{"id":62,"Country":"Egypt","Alpha2_code":"EG","Alpha3_code":"EGY","Numeric_code":818,"Latitude":27.0,"Longitude":30.0},{"id":63,"Country":"El Salvador","Alpha2_code":"SV","Alpha3_code":"SLV","Numeric_code":222,"Latitude":13.8333,"Longitude":-88.9167},{"id":64,"Country":"Equatorial Guinea","Alpha2_code":"GQ","Alpha3_code":"GNQ","Numeric_code":226,"Latitude":2.0,"Longitude":10.0},{"id":65,"Country":"Eritrea","Alpha2_code":"ER","Alpha3_code":"ERI","Numeric_code":232,"Latitude":15.0,"Longitude":39.0},{"id":66,"Country":"Estonia","Alpha2_code":"EE","Alpha3_code":"EST","Numeric_code":233,"Latitude":59.0,"Longitude":26.0},{"id":67,"Country":"Ethiopia","Alpha2_code":"ET","Alpha3_code":"ETH","Numeric_code":231,"Latitude":8.0,"Longitude":38.0},{"id":68,"Country":"Falkland Islands (Malvinas)","Alpha2_code":"FK","Alpha3_code":"FLK","Numeric_code":238,"Latitude":-51.75,"Longitude":-59.0},{"id":69,"Country":"Faroe Islands","Alpha2_code":"FO","Alpha3_code":"FRO","Numeric_code":234,"Latitude":62.0,"Longitude":-7.0},{"id":70,"Country":"Fiji","Alpha2_code":"FJ","Alpha3_code":"FJI","Numeric_code":242,"Latitude":-18.0,"Longitude":175.0},{"id":71,"Country":"Finland","Alpha2_code":"FI","Alpha3_code":"FIN","Numeric_code":246,"Latitude":64.0,"Longitude":26.0},{"id":72,"Country":"France","Alpha2_code":"FR","Alpha3_code":"FRA","Numeric_code":250,"Latitude":46.0,"Longitude":2.0},{"id":73,"Country":"French Guiana","Alpha2_code":"GF","Alpha3_code":"GUF","Numeric_code":254,"Latitude":4.0,"Longitude":-53.0},{"id":74,"Country":"French Polynesia","Alpha2_code":"PF","Alpha3_code":"PYF","Numeric_code":258,"Latitude":-15.0,"Longitude":-140.0},{"id":75,"Country":"French Southern Territories","Alpha2_code":"TF","Alpha3_code":"ATF","Numeric_code":260,"Latitude":-43.0,"Longitude":67.0},{"id":76,"Country":"Gabon","Alpha2_code":"GA","Alpha3_code":"GAB","Numeric_code":266,"Latitude":-1.0,"Longitude":11.75},{"id":77,"Country":"Gambia","Alpha2_code":"GM","Alpha3_code":"GMB","Numeric_code":270,"Latitude":13.4667,"Longitude":-16.5667},{"id":78,"Country":"Georgia","Alpha2_code":"GE","Alpha3_code":"GEO","Numeric_code":268,"Latitude":42.0,"Longitude":43.5},{"id":79,"Country":"Germany","Alpha2_code":"DE","Alpha3_code":"DEU","Numeric_code":276,"Latitude":51.0,"Longitude":9.0},{"id":80,"Country":"Ghana","Alpha2_code":"GH","Alpha3_code":"GHA","Numeric_code":288,"Latitude":8.0,"Longitude":-2.0},{"id":81,"Country":"Gibraltar","Alpha2_code":"GI","Alpha3_code":"GIB","Numeric_code":292,"Latitude":36.1833,"Longitude":-5.3667},{"id":82,"Country":"Greece","Alpha2_code":"GR","Alpha3_code":"GRC","Numeric_code":300,"Latitude":39.0,"Longitude":22.0},{"id":83,"Country":"Greenland","Alpha2_code":"GL","Alpha3_code":"GRL","Numeric_code":304,"Latitude":72.0,"Longitude":-40.0},{"id":84,"Country":"Grenada","Alpha2_code":"GD","Alpha3_code":"GRD","Numeric_code":308,"Latitude":12.1167,"Longitude":-61.6667},{"id":85,"Country":"Guadeloupe","Alpha2_code":"GP","Alpha3_code":"GLP","Numeric_code":312,"Latitude":16.25,"Longitude":-61.5833},{"id":86,"Country":"Guam","Alpha2_code":"GU","Alpha3_code":"GUM","Numeric_code":316,"Latitude":13.4667,"Longitude":144.7833},{"id":87,"Country":"Guatemala","Alpha2_code":"GT","Alpha3_code":"GTM","Numeric_code":320,"Latitude":15.5,"Longitude":-90.25},{"id":88,"Country":"Guernsey","Alpha2_code":"GG","Alpha3_code":"GGY","Numeric_code":831,"Latitude":49.5,"Longitude":-2.56},{"id":89,"Country":"Guinea","Alpha2_code":"GN","Alpha3_code":"GIN","Numeric_code":324,"Latitude":11.0,"Longitude":-10.0},{"id":90,"Country":"Guinea-Bissau","Alpha2_code":"GW","Alpha3_code":"GNB","Numeric_code":624,"Latitude":12.0,"Longitude":-15.0},{"id":91,"Country":"Guyana","Alpha2_code":"GY","Alpha3_code":"GUY","Numeric_code":328,"Latitude":5.0,"Longitude":-59.0},{"id":92,"Country":"Haiti","Alpha2_code":"HT","Alpha3_code":"HTI","Numeric_code":332,"Latitude":19.0,"Longitude":-72.4167},{"id":93,"Country":"Heard Island and McDonald Islands","Alpha2_code":"HM","Alpha3_code":"HMD","Numeric_code":334,"Latitude":-53.1,"Longitude":72.5167},{"id":94,"Country":"Holy See (Vatican City State)","Alpha2_code":"VA","Alpha3_code":"VAT","Numeric_code":336,"Latitude":41.9,"Longitude":12.45},{"id":95,"Country":"Honduras","Alpha2_code":"HN","Alpha3_code":"HND","Numeric_code":340,"Latitude":15.0,"Longitude":-86.5},{"id":96,"Country":"Hong Kong","Alpha2_code":"HK","Alpha3_code":"HKG","Numeric_code":344,"Latitude":22.25,"Longitude":114.1667},{"id":97,"Country":"Hungary","Alpha2_code":"HU","Alpha3_code":"HUN","Numeric_code":348,"Latitude":47.0,"Longitude":20.0},{"id":98,"Country":"Iceland","Alpha2_code":"IS","Alpha3_code":"ISL","Numeric_code":352,"Latitude":65.0,"Longitude":-18.0},{"id":99,"Country":"India","Alpha2_code":"IN","Alpha3_code":"IND","Numeric_code":356,"Latitude":20.0,"Longitude":77.0},{"id":100,"Country":"Indonesia","Alpha2_code":"ID","Alpha3_code":"IDN","Numeric_code":360,"Latitude":-5.0,"Longitude":120.0},{"id":101,"Country":"Iran, Islamic Republic of","Alpha2_code":"IR","Alpha3_code":"IRN","Numeric_code":364,"Latitude":32.0,"Longitude":53.0},{"id":102,"Country":"Iraq","Alpha2_code":"IQ","Alpha3_code":"IRQ","Numeric_code":368,"Latitude":33.0,"Longitude":44.0},{"id":103,"Country":"Ireland","Alpha2_code":"IE","Alpha3_code":"IRL","Numeric_code":372,"Latitude":53.0,"Longitude":-8.0},{"id":104,"Country":"Isle of Man","Alpha2_code":"IM","Alpha3_code":"IMN","Numeric_code":833,"Latitude":54.23,"Longitude":-4.55},{"id":105,"Country":"Israel","Alpha2_code":"IL","Alpha3_code":"ISR","Numeric_code":376,"Latitude":31.5,"Longitude":34.75},{"id":106,"Country":"Italy","Alpha2_code":"IT","Alpha3_code":"ITA","Numeric_code":380,"Latitude":42.8333,"Longitude":12.8333},{"id":107,"Country":"Jamaica","Alpha2_code":"JM","Alpha3_code":"JAM","Numeric_code":388,"Latitude":18.25,"Longitude":-77.5},{"id":108,"Country":"Japan","Alpha2_code":"JP","Alpha3_code":"JPN","Numeric_code":392,"Latitude":36.0,"Longitude":138.0},{"id":109,"Country":"Jersey","Alpha2_code":"JE","Alpha3_code":"JEY","Numeric_code":832,"Latitude":49.21,"Longitude":-2.13},{"id":110,"Country":"Jordan","Alpha2_code":"JO","Alpha3_code":"JOR","Numeric_code":400,"Latitude":31.0,"Longitude":36.0},{"id":111,"Country":"Kazakhstan","Alpha2_code":"KZ","Alpha3_code":"KAZ","Numeric_code":398,"Latitude":48.0,"Longitude":68.0},{"id":112,"Country":"Kenya","Alpha2_code":"KE","Alpha3_code":"KEN","Numeric_code":404,"Latitude":1.0,"Longitude":38.0},{"id":113,"Country":"Kiribati","Alpha2_code":"KI","Alpha3_code":"KIR","Numeric_code":296,"Latitude":1.4167,"Longitude":173.0},{"id":114,"Country":"Korea, Democratic People's Republic of","Alpha2_code":"KP","Alpha3_code":"PRK","Numeric_code":408,"Latitude":40.0,"Longitude":127.0},{"id":115,"Country":"South Korea","Alpha2_code":"KR","Alpha3_code":"KOR","Numeric_code":410,"Latitude":37.0,"Longitude":127.5},{"id":116,"Country":"Kuwait","Alpha2_code":"KW","Alpha3_code":"KWT","Numeric_code":414,"Latitude":29.3375,"Longitude":47.6581},{"id":117,"Country":"Kyrgyzstan","Alpha2_code":"KG","Alpha3_code":"KGZ","Numeric_code":417,"Latitude":41.0,"Longitude":75.0},{"id":118,"Country":"Lao People's Democratic Republic","Alpha2_code":"LA","Alpha3_code":"LAO","Numeric_code":418,"Latitude":18.0,"Longitude":105.0},{"id":119,"Country":"Latvia","Alpha2_code":"LV","Alpha3_code":"LVA","Numeric_code":428,"Latitude":57.0,"Longitude":25.0},{"id":120,"Country":"Lebanon","Alpha2_code":"LB","Alpha3_code":"LBN","Numeric_code":422,"Latitude":33.8333,"Longitude":35.8333},{"id":121,"Country":"Lesotho","Alpha2_code":"LS","Alpha3_code":"LSO","Numeric_code":426,"Latitude":-29.5,"Longitude":28.5},{"id":122,"Country":"Liberia","Alpha2_code":"LR","Alpha3_code":"LBR","Numeric_code":430,"Latitude":6.5,"Longitude":-9.5},{"id":123,"Country":"Libya","Alpha2_code":"LY","Alpha3_code":"LBY","Numeric_code":434,"Latitude":25.0,"Longitude":17.0},{"id":124,"Country":"Liechtenstein","Alpha2_code":"LI","Alpha3_code":"LIE","Numeric_code":438,"Latitude":47.1667,"Longitude":9.5333},{"id":125,"Country":"Lithuania","Alpha2_code":"LT","Alpha3_code":"LTU","Numeric_code":440,"Latitude":56.0,"Longitude":24.0},{"id":126,"Country":"Luxembourg","Alpha2_code":"LU","Alpha3_code":"LUX","Numeric_code":442,"Latitude":49.75,"Longitude":6.1667},{"id":127,"Country":"Macao","Alpha2_code":"MO","Alpha3_code":"MAC","Numeric_code":446,"Latitude":22.1667,"Longitude":113.55},{"id":128,"Country":"Macedonia, the former Yugoslav Republic of","Alpha2_code":"MK","Alpha3_code":"MKD","Numeric_code":807,"Latitude":41.8333,"Longitude":22.0},{"id":129,"Country":"Madagascar","Alpha2_code":"MG","Alpha3_code":"MDG","Numeric_code":450,"Latitude":-20.0,"Longitude":47.0},{"id":130,"Country":"Malawi","Alpha2_code":"MW","Alpha3_code":"MWI","Numeric_code":454,"Latitude":-13.5,"Longitude":34.0},{"id":131,"Country":"Malaysia","Alpha2_code":"MY","Alpha3_code":"MYS","Numeric_code":458,"Latitude":2.5,"Longitude":112.5},{"id":132,"Country":"Maldives","Alpha2_code":"MV","Alpha3_code":"MDV","Numeric_code":462,"Latitude":3.25,"Longitude":73.0},{"id":133,"Country":"Mali","Alpha2_code":"ML","Alpha3_code":"MLI","Numeric_code":466,"Latitude":17.0,"Longitude":-4.0},{"id":134,"Country":"Malta","Alpha2_code":"MT","Alpha3_code":"MLT","Numeric_code":470,"Latitude":35.8333,"Longitude":14.5833},{"id":135,"Country":"Marshall Islands","Alpha2_code":"MH","Alpha3_code":"MHL","Numeric_code":584,"Latitude":9.0,"Longitude":168.0},{"id":136,"Country":"Martinique","Alpha2_code":"MQ","Alpha3_code":"MTQ","Numeric_code":474,"Latitude":14.6667,"Longitude":-61.0},{"id":137,"Country":"Mauritania","Alpha2_code":"MR","Alpha3_code":"MRT","Numeric_code":478,"Latitude":20.0,"Longitude":-12.0},{"id":138,"Country":"Mauritius","Alpha2_code":"MU","Alpha3_code":"MUS","Numeric_code":480,"Latitude":-20.2833,"Longitude":57.55},{"id":139,"Country":"Mayotte","Alpha2_code":"YT","Alpha3_code":"MYT","Numeric_code":175,"Latitude":-12.8333,"Longitude":45.1667},{"id":140,"Country":"Mexico","Alpha2_code":"MX","Alpha3_code":"MEX","Numeric_code":484,"Latitude":23.0,"Longitude":-102.0},{"id":141,"Country":"Micronesia, Federated States of","Alpha2_code":"FM","Alpha3_code":"FSM","Numeric_code":583,"Latitude":6.9167,"Longitude":158.25},{"id":142,"Country":"Moldova, Republic of","Alpha2_code":"MD","Alpha3_code":"MDA","Numeric_code":498,"Latitude":47.0,"Longitude":29.0},{"id":143,"Country":"Monaco","Alpha2_code":"MC","Alpha3_code":"MCO","Numeric_code":492,"Latitude":43.7333,"Longitude":7.4},{"id":144,"Country":"Mongolia","Alpha2_code":"MN","Alpha3_code":"MNG","Numeric_code":496,"Latitude":46.0,"Longitude":105.0},{"id":145,"Country":"Montenegro","Alpha2_code":"ME","Alpha3_code":"MNE","Numeric_code":499,"Latitude":42.0,"Longitude":19.0},{"id":146,"Country":"Montserrat","Alpha2_code":"MS","Alpha3_code":"MSR","Numeric_code":500,"Latitude":16.75,"Longitude":-62.2},{"id":147,"Country":"Morocco","Alpha2_code":"MA","Alpha3_code":"MAR","Numeric_code":504,"Latitude":32.0,"Longitude":-5.0},{"id":148,"Country":"Mozambique","Alpha2_code":"MZ","Alpha3_code":"MOZ","Numeric_code":508,"Latitude":-18.25,"Longitude":35.0},{"id":149,"Country":"Myanmar","Alpha2_code":"MM","Alpha3_code":"MMR","Numeric_code":104,"Latitude":22.0,"Longitude":98.0},{"id":150,"Country":"Namibia","Alpha2_code":null,"Alpha3_code":"NAM","Numeric_code":516,"Latitude":-22.0,"Longitude":17.0},{"id":151,"Country":"Nauru","Alpha2_code":"NR","Alpha3_code":"NRU","Numeric_code":520,"Latitude":-0.5333,"Longitude":166.9167},{"id":152,"Country":"Nepal","Alpha2_code":"NP","Alpha3_code":"NPL","Numeric_code":524,"Latitude":28.0,"Longitude":84.0},{"id":153,"Country":"Netherlands","Alpha2_code":"NL","Alpha3_code":"NLD","Numeric_code":528,"Latitude":52.5,"Longitude":5.75},{"id":154,"Country":"Netherlands Antilles","Alpha2_code":"AN","Alpha3_code":"ANT","Numeric_code":530,"Latitude":12.25,"Longitude":-68.75},{"id":155,"Country":"New Caledonia","Alpha2_code":"NC","Alpha3_code":"NCL","Numeric_code":540,"Latitude":-21.5,"Longitude":165.5},{"id":156,"Country":"New Zealand","Alpha2_code":"NZ","Alpha3_code":"NZL","Numeric_code":554,"Latitude":-41.0,"Longitude":174.0},{"id":157,"Country":"Nicaragua","Alpha2_code":"NI","Alpha3_code":"NIC","Numeric_code":558,"Latitude":13.0,"Longitude":-85.0},{"id":158,"Country":"Niger","Alpha2_code":"NE","Alpha3_code":"NER","Numeric_code":562,"Latitude":16.0,"Longitude":8.0},{"id":159,"Country":"Nigeria","Alpha2_code":"NG","Alpha3_code":"NGA","Numeric_code":566,"Latitude":10.0,"Longitude":8.0},{"id":160,"Country":"Niue","Alpha2_code":"NU","Alpha3_code":"NIU","Numeric_code":570,"Latitude":-19.0333,"Longitude":-169.8667},{"id":161,"Country":"Norfolk Island","Alpha2_code":"NF","Alpha3_code":"NFK","Numeric_code":574,"Latitude":-29.0333,"Longitude":167.95},{"id":162,"Country":"Northern Mariana Islands","Alpha2_code":"MP","Alpha3_code":"MNP","Numeric_code":580,"Latitude":15.2,"Longitude":145.75},{"id":163,"Country":"Norway","Alpha2_code":"NO","Alpha3_code":"NOR","Numeric_code":578,"Latitude":62.0,"Longitude":10.0},{"id":164,"Country":"Oman","Alpha2_code":"OM","Alpha3_code":"OMN","Numeric_code":512,"Latitude":21.0,"Longitude":57.0},{"id":165,"Country":"Pakistan","Alpha2_code":"PK","Alpha3_code":"PAK","Numeric_code":586,"Latitude":30.0,"Longitude":70.0},{"id":166,"Country":"Palau","Alpha2_code":"PW","Alpha3_code":"PLW","Numeric_code":585,"Latitude":7.5,"Longitude":134.5},{"id":167,"Country":"Palestinian Territory, Occupied","Alpha2_code":"PS","Alpha3_code":"PSE","Numeric_code":275,"Latitude":32.0,"Longitude":35.25},{"id":168,"Country":"Panama","Alpha2_code":"PA","Alpha3_code":"PAN","Numeric_code":591,"Latitude":9.0,"Longitude":-80.0},{"id":169,"Country":"Papua New Guinea","Alpha2_code":"PG","Alpha3_code":"PNG","Numeric_code":598,"Latitude":-6.0,"Longitude":147.0},{"id":170,"Country":"Paraguay","Alpha2_code":"PY","Alpha3_code":"PRY","Numeric_code":600,"Latitude":-23.0,"Longitude":-58.0},{"id":171,"Country":"Peru","Alpha2_code":"PE","Alpha3_code":"PER","Numeric_code":604,"Latitude":-10.0,"Longitude":-76.0},{"id":172,"Country":"Philippines","Alpha2_code":"PH","Alpha3_code":"PHL","Numeric_code":608,"Latitude":13.0,"Longitude":122.0},{"id":173,"Country":"Pitcairn","Alpha2_code":"PN","Alpha3_code":"PCN","Numeric_code":612,"Latitude":-24.7,"Longitude":-127.4},{"id":174,"Country":"Poland","Alpha2_code":"PL","Alpha3_code":"POL","Numeric_code":616,"Latitude":52.0,"Longitude":20.0},{"id":175,"Country":"Portugal","Alpha2_code":"PT","Alpha3_code":"PRT","Numeric_code":620,"Latitude":39.5,"Longitude":-8.0},{"id":176,"Country":"Puerto Rico","Alpha2_code":"PR","Alpha3_code":"PRI","Numeric_code":630,"Latitude":18.25,"Longitude":-66.5},{"id":177,"Country":"Qatar","Alpha2_code":"QA","Alpha3_code":"QAT","Numeric_code":634,"Latitude":25.5,"Longitude":51.25},{"id":178,"Country":"R\u00e9union","Alpha2_code":"RE","Alpha3_code":"REU","Numeric_code":638,"Latitude":-21.1,"Longitude":55.6},{"id":179,"Country":"Romania","Alpha2_code":"RO","Alpha3_code":"ROU","Numeric_code":642,"Latitude":46.0,"Longitude":25.0},{"id":180,"Country":"Russia","Alpha2_code":"RU","Alpha3_code":"RUS","Numeric_code":643,"Latitude":60.0,"Longitude":100.0},{"id":181,"Country":"Rwanda","Alpha2_code":"RW","Alpha3_code":"RWA","Numeric_code":646,"Latitude":-2.0,"Longitude":30.0},{"id":182,"Country":"Saint Helena, Ascension and Tristan da Cunha","Alpha2_code":"SH","Alpha3_code":"SHN","Numeric_code":654,"Latitude":-15.9333,"Longitude":-5.7},{"id":183,"Country":"Saint Kitts and Nevis","Alpha2_code":"KN","Alpha3_code":"KNA","Numeric_code":659,"Latitude":17.3333,"Longitude":-62.75},{"id":184,"Country":"Saint Lucia","Alpha2_code":"LC","Alpha3_code":"LCA","Numeric_code":662,"Latitude":13.8833,"Longitude":-61.1333},{"id":185,"Country":"Saint Pierre and Miquelon","Alpha2_code":"PM","Alpha3_code":"SPM","Numeric_code":666,"Latitude":46.8333,"Longitude":-56.3333},{"id":186,"Country":"Saint Vincent and the Grenadines","Alpha2_code":"VC","Alpha3_code":"VCT","Numeric_code":670,"Latitude":13.25,"Longitude":-61.2},{"id":187,"Country":"Samoa","Alpha2_code":"WS","Alpha3_code":"WSM","Numeric_code":882,"Latitude":-13.5833,"Longitude":-172.3333},{"id":188,"Country":"San Marino","Alpha2_code":"SM","Alpha3_code":"SMR","Numeric_code":674,"Latitude":43.7667,"Longitude":12.4167},{"id":189,"Country":"Sao Tome and Principe","Alpha2_code":"ST","Alpha3_code":"STP","Numeric_code":678,"Latitude":1.0,"Longitude":7.0},{"id":190,"Country":"Saudi Arabia","Alpha2_code":"SA","Alpha3_code":"SAU","Numeric_code":682,"Latitude":25.0,"Longitude":45.0},{"id":191,"Country":"Senegal","Alpha2_code":"SN","Alpha3_code":"SEN","Numeric_code":686,"Latitude":14.0,"Longitude":-14.0},{"id":192,"Country":"Serbia","Alpha2_code":"RS","Alpha3_code":"SRB","Numeric_code":688,"Latitude":44.0,"Longitude":21.0},{"id":193,"Country":"Seychelles","Alpha2_code":"SC","Alpha3_code":"SYC","Numeric_code":690,"Latitude":-4.5833,"Longitude":55.6667},{"id":194,"Country":"Sierra Leone","Alpha2_code":"SL","Alpha3_code":"SLE","Numeric_code":694,"Latitude":8.5,"Longitude":-11.5},{"id":195,"Country":"Singapore","Alpha2_code":"SG","Alpha3_code":"SGP","Numeric_code":702,"Latitude":1.3667,"Longitude":103.8},{"id":196,"Country":"Slovakia","Alpha2_code":"SK","Alpha3_code":"SVK","Numeric_code":703,"Latitude":48.6667,"Longitude":19.5},{"id":197,"Country":"Slovenia","Alpha2_code":"SI","Alpha3_code":"SVN","Numeric_code":705,"Latitude":46.0,"Longitude":15.0},{"id":198,"Country":"Solomon Islands","Alpha2_code":"SB","Alpha3_code":"SLB","Numeric_code":90,"Latitude":-8.0,"Longitude":159.0},{"id":199,"Country":"Somalia","Alpha2_code":"SO","Alpha3_code":"SOM","Numeric_code":706,"Latitude":10.0,"Longitude":49.0},{"id":200,"Country":"South Africa","Alpha2_code":"ZA","Alpha3_code":"ZAF","Numeric_code":710,"Latitude":-29.0,"Longitude":24.0},{"id":201,"Country":"South Georgia and the South Sandwich Islands","Alpha2_code":"GS","Alpha3_code":"SGS","Numeric_code":239,"Latitude":-54.5,"Longitude":-37.0},{"id":202,"Country":"South Sudan","Alpha2_code":"SS","Alpha3_code":"SSD","Numeric_code":728,"Latitude":8.0,"Longitude":30.0},{"id":203,"Country":"Spain","Alpha2_code":"ES","Alpha3_code":"ESP","Numeric_code":724,"Latitude":40.0,"Longitude":-4.0},{"id":204,"Country":"Sri Lanka","Alpha2_code":"LK","Alpha3_code":"LKA","Numeric_code":144,"Latitude":7.0,"Longitude":81.0},{"id":205,"Country":"Sudan","Alpha2_code":"SD","Alpha3_code":"SDN","Numeric_code":736,"Latitude":15.0,"Longitude":30.0},{"id":206,"Country":"Suriname","Alpha2_code":"SR","Alpha3_code":"SUR","Numeric_code":740,"Latitude":4.0,"Longitude":-56.0},{"id":207,"Country":"Svalbard and Jan Mayen","Alpha2_code":"SJ","Alpha3_code":"SJM","Numeric_code":744,"Latitude":78.0,"Longitude":20.0},{"id":208,"Country":"Swaziland","Alpha2_code":"SZ","Alpha3_code":"SWZ","Numeric_code":748,"Latitude":-26.5,"Longitude":31.5},{"id":209,"Country":"Sweden","Alpha2_code":"SE","Alpha3_code":"SWE","Numeric_code":752,"Latitude":62.0,"Longitude":15.0},{"id":210,"Country":"Switzerland","Alpha2_code":"CH","Alpha3_code":"CHE","Numeric_code":756,"Latitude":47.0,"Longitude":8.0},{"id":211,"Country":"Syrian Arab Republic","Alpha2_code":"SY","Alpha3_code":"SYR","Numeric_code":760,"Latitude":35.0,"Longitude":38.0},{"id":212,"Country":"Taiwan","Alpha2_code":"TW","Alpha3_code":"TWN","Numeric_code":158,"Latitude":23.5,"Longitude":121.0},{"id":213,"Country":"Tajikistan","Alpha2_code":"TJ","Alpha3_code":"TJK","Numeric_code":762,"Latitude":39.0,"Longitude":71.0},{"id":214,"Country":"Tanzania, United Republic of","Alpha2_code":"TZ","Alpha3_code":"TZA","Numeric_code":834,"Latitude":-6.0,"Longitude":35.0},{"id":215,"Country":"Thailand","Alpha2_code":"TH","Alpha3_code":"THA","Numeric_code":764,"Latitude":15.0,"Longitude":100.0},{"id":216,"Country":"Timor-Leste","Alpha2_code":"TL","Alpha3_code":"TLS","Numeric_code":626,"Latitude":-8.55,"Longitude":125.5167},{"id":217,"Country":"Togo","Alpha2_code":"TG","Alpha3_code":"TGO","Numeric_code":768,"Latitude":8.0,"Longitude":1.1667},{"id":218,"Country":"Tokelau","Alpha2_code":"TK","Alpha3_code":"TKL","Numeric_code":772,"Latitude":-9.0,"Longitude":-172.0},{"id":219,"Country":"Tonga","Alpha2_code":"TO","Alpha3_code":"TON","Numeric_code":776,"Latitude":-20.0,"Longitude":-175.0},{"id":220,"Country":"Trinidad and Tobago","Alpha2_code":"TT","Alpha3_code":"TTO","Numeric_code":780,"Latitude":11.0,"Longitude":-61.0},{"id":221,"Country":"Tunisia","Alpha2_code":"TN","Alpha3_code":"TUN","Numeric_code":788,"Latitude":34.0,"Longitude":9.0},{"id":222,"Country":"Turkey","Alpha2_code":"TR","Alpha3_code":"TUR","Numeric_code":792,"Latitude":39.0,"Longitude":35.0},{"id":223,"Country":"Turkmenistan","Alpha2_code":"TM","Alpha3_code":"TKM","Numeric_code":795,"Latitude":40.0,"Longitude":60.0},{"id":224,"Country":"Turks and Caicos Islands","Alpha2_code":"TC","Alpha3_code":"TCA","Numeric_code":796,"Latitude":21.75,"Longitude":-71.5833},{"id":225,"Country":"Tuvalu","Alpha2_code":"TV","Alpha3_code":"TUV","Numeric_code":798,"Latitude":-8.0,"Longitude":178.0},{"id":226,"Country":"Uganda","Alpha2_code":"UG","Alpha3_code":"UGA","Numeric_code":800,"Latitude":1.0,"Longitude":32.0},{"id":227,"Country":"Ukraine","Alpha2_code":"UA","Alpha3_code":"UKR","Numeric_code":804,"Latitude":49.0,"Longitude":32.0},{"id":228,"Country":"United Arab Emirates","Alpha2_code":"AE","Alpha3_code":"ARE","Numeric_code":784,"Latitude":24.0,"Longitude":54.0},{"id":229,"Country":"United Kingdom","Alpha2_code":"GB","Alpha3_code":"GBR","Numeric_code":826,"Latitude":54.0,"Longitude":-2.0},{"id":230,"Country":"United States","Alpha2_code":"US","Alpha3_code":"USA","Numeric_code":840,"Latitude":38.0,"Longitude":-97.0},{"id":231,"Country":"United States Minor Outlying Islands","Alpha2_code":"UM","Alpha3_code":"UMI","Numeric_code":581,"Latitude":19.2833,"Longitude":166.6},{"id":232,"Country":"Uruguay","Alpha2_code":"UY","Alpha3_code":"URY","Numeric_code":858,"Latitude":-33.0,"Longitude":-56.0},{"id":233,"Country":"Uzbekistan","Alpha2_code":"UZ","Alpha3_code":"UZB","Numeric_code":860,"Latitude":41.0,"Longitude":64.0},{"id":234,"Country":"Vanuatu","Alpha2_code":"VU","Alpha3_code":"VUT","Numeric_code":548,"Latitude":-16.0,"Longitude":167.0},{"id":235,"Country":"Venezuela","Alpha2_code":"VE","Alpha3_code":"VEN","Numeric_code":862,"Latitude":8.0,"Longitude":-66.0},{"id":236,"Country":"Vietnam","Alpha2_code":"VN","Alpha3_code":"VNM","Numeric_code":704,"Latitude":16.0,"Longitude":106.0},{"id":237,"Country":"Virgin Islands, British","Alpha2_code":"VG","Alpha3_code":"VGB","Numeric_code":92,"Latitude":18.5,"Longitude":-64.5},{"id":238,"Country":"Virgin Islands, U.S.","Alpha2_code":"VI","Alpha3_code":"VIR","Numeric_code":850,"Latitude":18.3333,"Longitude":-64.8333},{"id":239,"Country":"Wallis and Futuna","Alpha2_code":"WF","Alpha3_code":"WLF","Numeric_code":876,"Latitude":-13.3,"Longitude":-176.2},{"id":240,"Country":"Western Sahara","Alpha2_code":"EH","Alpha3_code":"ESH","Numeric_code":732,"Latitude":24.5,"Longitude":-13.0},{"id":241,"Country":"Yemen","Alpha2_code":"YE","Alpha3_code":"YEM","Numeric_code":887,"Latitude":15.0,"Longitude":48.0},{"id":242,"Country":"Zambia","Alpha2_code":"ZM","Alpha3_code":"ZMB","Numeric_code":894,"Latitude":-15.0,"Longitude":30.0},{"id":243,"Country":"Zimbabwe","Alpha2_code":"ZW","Alpha3_code":"ZWE","Numeric_code":716,"Latitude":-20.0,"Longitude":30.0}]